{
    "questions": [
        {
            "id": "registration_type",
            "question": "Bạn muốn thực hiện thủ tục gì?",
            "options": [
                {
                    "label": "Thi cấp mới giấy phép lái xe",
                    "flow": "thi_moi"
                },
                {
                    "label": "Đổi giấy phép lái xe",
                    "flow": "doi_gplx"
                },
                {
                    "label": "Cấp lại giấy phép lái xe",
                    "flow": "cap_lai"
                },
                {
                    "label": "Nâng hạng giấy phép lái xe",
                    "flow": "nang_hang"
                }
            ]
        }
    ],
    "flows": {
        "thi_moi": {
            "name": "Thi cấp mới giấy phép lái xe",
            "steps": ["1", "2.1", "3", "4", "5", "6", "7", "8", "9"]
        },
        "doi_gplx": {
            "name": "Đổi giấy phép lái xe",
            "steps": ["1", "2.2", "3", "4", "5", "6", "7", "8"]
        },
        "cap_lai": {
            "name": "Cấp lại giấy phép lái xe",
            "steps": ["1", "2.3", "3", "4", "5", "6", "7", "8"]
        },
        "nang_hang": {
            "name": "Nâng hạng giấy phép lái xe",
            "steps": ["1", "2.4", "3", "4", "5", "6", "7", "8", "9"]
        }
    },
    "steps": {
        "1": "Đăng nhập vào Cổng dịch vụ công Bộ Giao thông vận tải",
        "2": {
            "name": "Chọn thủ tục",
            "substeps": {
                "2.1": "Thi sát hạch lái xe cơ giới đường bộ (thực hiện tại Sở GTVT)",
                "2.2": "Đổi giấy phép lái xe (thực hiện tại Sở GTVT)",
                "2.3": "Cấp lại giấy phép lái xe (thực hiện tại Sở GTVT)",
                "2.4": "Nâng hạng giấy phép lái xe (thực hiện tại Sở GTVT)"
            }
        },
        "3": "Bấm vào 'Nộp hồ sơ'",
        "4": "Khai báo thông tin cá nhân",
        "5": "Tải lên các giấy tờ cần thiết",
        "6": "Kiểm tra và xác nhận thông tin",
        "7": "Chọn nơi nộp hồ sơ",
        "8": "Chọn ngày hẹn và nộp hồ sơ",
        "9": "Đăng ký lịch thi sát hạch"
    }
}
