{
    "questions": [
        {
            "id": "registration_type",
            "question": "Bạn muốn thực hiện thủ tục gì?",
            "options": [
                {
                    "label": "Thẩm duyệt thiết kế PCCC",
                    "flow": "tham_duyet"
                },
                {
                    "label": "Nghiệm thu công trình PCCC",
                    "flow": "nghiem_thu"
                },
                {
                    "label": "Cấp giấy chứng nhận đủ điều kiện PCCC",
                    "flow": "chung_nhan"
                }
            ]
        }
    ],
    "flows": {
        "tham_duyet": {
            "name": "Thẩm duyệt thiết kế PCCC",
            "steps": ["1", "2.1", "3", "4", "5", "6", "7", "8"]
        },
        "nghiem_thu": {
            "name": "Nghiệm thu công trình PCCC",
            "steps": ["1", "2.2", "3", "4", "5", "6", "7", "8"]
        },
        "chung_nhan": {
            "name": "Cấp giấy chứng nhận đủ điều kiện PCCC",
            "steps": ["1", "2.3", "3", "4", "5", "6", "7", "8"]
        }
    },
    "steps": {
        "1": "Đăng nhập vào Cổng dịch vụ công Bộ Công an",
        "2": {
            "name": "Chọn thủ tục",
            "substeps": {
                "2.1": "Thẩm duyệt thiết kế về phòng cháy và chữa cháy (thực hiện tại Cục Cảnh sát PCCC)",
                "2.2": "Nghiệm thu về phòng cháy và chữa cháy (thực hiện tại Cục Cảnh sát PCCC)",
                "2.3": "Cấp giấy chứng nhận đủ điều kiện về PCCC (thực hiện tại Cục Cảnh sát PCCC)"
            }
        },
        "3": "Bấm vào 'Nộp hồ sơ'",
        "4": "Khai báo thông tin công trình/cơ sở",
        "5": "Tải lên các giấy tờ cần thiết",
        "6": "Kiểm tra và xác nhận thông tin",
        "7": "Chọn nơi nộp hồ sơ",
        "8": "Chọn ngày hẹn và nộp hồ sơ"
    }
}
