{
    "questions": [
        {
            "id": "registration_type",
            "question": "Bạn muốn thực hiện thủ tục gì?",
            "options": [
                {
                    "label": "Đăng ký tài khoản định danh điện tử",
                    "flow": "dang_ky_moi"
                },
                {
                    "label": "Kích hoạt tài khoản định danh điện tử",
                    "flow": "kich_hoat"
                },
                {
                    "label": "Khôi phục tài khoản định danh điện tử",
                    "flow": "khoi_phuc"
                },
                {
                    "label": "Thay đổi thông tin tài khoản định danh",
                    "flow": "thay_doi"
                }
            ]
        }
    ],
    "flows": {
        "dang_ky_moi": {
            "name": "Đăng ký tài khoản định danh điện tử",
            "steps": ["1", "2.1", "3", "4", "5", "6", "7", "8"]
        },
        "kich_hoat": {
            "name": "Kích hoạt tài khoản định danh điện tử",
            "steps": ["1", "2.2", "3", "4", "5", "6"]
        },
        "khoi_phuc": {
            "name": "Khôi phục tài khoản định danh điện tử",
            "steps": ["1", "2.3", "3", "4", "5", "6"]
        },
        "thay_doi": {
            "name": "Thay đổi thông tin tài khoản định danh",
            "steps": ["1", "2.4", "3", "4", "5", "6", "7"]
        }
    },
    "steps": {
        "1": "Đăng nhập vào Cổng dịch vụ công quốc gia",
        "2": {
            "name": "Chọn thủ tục",
            "substeps": {
                "2.1": "Đăng ký tài khoản định danh điện tử (thực hiện tại Công an cấp huyện)",
                "2.2": "Kích hoạt tài khoản định danh điện tử",
                "2.3": "Khôi phục tài khoản định danh điện tử",
                "2.4": "Thay đổi thông tin tài khoản định danh điện tử"
            }
        },
        "3": "Bấm vào 'Nộp hồ sơ'",
        "4": "Khai báo thông tin cá nhân",
        "5": "Tải lên các giấy tờ cần thiết",
        "6": "Kiểm tra và xác nhận thông tin",
        "7": "Chọn nơi nộp hồ sơ",
        "8": "Chọn ngày hẹn và nộp hồ sơ"
    }
}
