{
    "questions": [
        {
            "id": "passport_type",
            "question": "Bạn cần làm thủ tục gì?",
            "options": [
                {
                    "label": "Cấp hộ chiếu lần đầu",
                    "flow": "cap_moi"
                },
                {
                    "label": "Cấp lại hộ chiếu",
                    "flow": "cap_lai"
                }
            ]
        }
    ],
    "flows": {
        "cap_moi": {
            "name": "Cấp hộ chiếu lần đầu",
            "steps": ["1", "2.1", "3", "4", "5", "6", "7", "8"]
        },
        "cap_lai": {
            "name": "Cấp lại hộ chiếu",
            "steps": ["1", "2.2", "3", "4", "5", "6", "7", "8"]
        }
    },
    "steps": {
        "1": "Đăng nhập vào Cổng dịch vụ công Bộ Công an bằng tài khoản VneID",
        "2": {
            "name": "Chọn thủ tục",
            "substeps": {
                "2.1": "Cấp hộ chiếu phổ thông (thực hiện tại cấp tỉnh)",
                "2.2": "Cấp lại hộ chiếu phổ thông (thực hiện tại cấp tỉnh)"
            }
        },
        "3": "Bấm vào 'Nộp hồ sơ'",
        "4": "Kiểm tra thông tin cá nhân",
        "5": "Tải lên ảnh chân dung theo yêu cầu",
        "6": "Chọn phương thức nhận hộ chiếu",
        "7": "Thanh toán lệ phí trực tuyến",
        "8": "Chọn ngày hẹn và nộp hồ sơ"
    }
}
