{
    "questions": [
        {
            "id": "registration_type",
            "question": "Bạn muốn thực hiện thủ tục gì?",
            "options": [
                {
                    "label": "Đăng ký kết hôn",
                    "flow": "dang_ky_moi"
                },
                {
                    "label": "Đăng ký lại kết hôn",
                    "flow": "dang_ky_lai"
                }
            ]
        }
    ],
    "flows": {
        "dang_ky_moi": {
            "name": "Đăng ký kết hôn",
            "steps": ["1", "2.1", "3", "4", "5", "6", "7", "8"]
        },
        "dang_ky_lai": {
            "name": "Đăng ký lại kết hôn",
            "steps": ["1", "2.2", "3", "4", "5", "6", "7", "8"]
        }
    },
    "steps": {
        "1": "Đăng nhập vào Cổng dịch vụ công Bộ Tư pháp",
        "2": {
            "name": "Chọn thủ tục",
            "substeps": {
                "2.1": "Đăng ký kết hôn (thực hiện tại UBND cấp huyện)",
                "2.2": "Đăng ký lại kết hôn (thực hiện tại UBND cấp huyện)"
            }
        },
        "3": "Bấm vào 'Nộp hồ sơ'",
        "4": "Khai báo thông tin đôi nam nữ",
        "5": "Tải lên các giấy tờ cần thiết",
        "6": "Kiểm tra và xác nhận thông tin",
        "7": "Chọn nơi nộp hồ sơ",
        "8": "Chọn ngày hẹn và nộp hồ sơ"
    }
}
